id,NHS_number,gender,first_event,second_event,third_event,fourth_event,fifth_event,sixth_event,seventh_event
1,6265206737,F,Business Development,Computers,,Movies,,,
2,8578184327,F,Research and Development,Garden,Services,,Kids,Engineering,
3,3848606682,M,Accounting,Health,Product Management,,Music,Legal,Books
4,4192249553,M,Accounting,,Sales,Health,,,
5,7055497604,F,Human Resources,Industrial,,Kids,,,
6,6513553008,M,Marketing,Clothing,Marketing,Grocery,Clothing,Research and Development,
7,0735701458,F,Training,Grocery,Marketing,Movies,Computers,Human Resources,Kids
8,2034805321,M,Product Management,Clothing,Sales,,,,
9,7163880251,M,Services,Automotive,Services,Books,,,Industrial
10,8863589593,M,Support,Sports,Human Resources,,,,Books
11,0757023789,M,Services,Industrial,Business Development,,,,Toys
12,1286521076,M,Training,Clothing,Legal,Garden,,,Movies
13,0228649714,M,Support,Books,Sales,Health,,,
14,9088578745,F,Accounting,Sports,Training,Clothing,Toys,Human Resources,Books
15,5411941261,M,Sales,Outdoors,Research and Development,Sports,,,
16,6827708306,F,Accounting,Shoes,Training,Toys,Industrial,Research and Development,
17,9994350935,M,Support,Baby,Engineering,Kids,,,
18,1643988042,M,Research and Development,Tools,Product Management,Outdoors,Games,Engineering,
19,5888450065,M,Business Development,Movies,Accounting,,,,Automotive
20,6984126975,M,Services,Baby,Marketing,Automotive,Health,Sales,
21,3978213966,M,Product Management,Computers,Business Development,,,,Sports
22,2515634117,F,Services,Toys,Accounting,Sports,Outdoors,Sales,
23,2913269087,F,Product Management,Kids,,Automotive,Sports,Human Resources,
24,6748711894,F,Marketing,Music,Marketing,Sports,Tools,Research and Development,Baby
25,5913329767,M,Human Resources,,Human Resources,Baby,,,
26,8613460755,M,Accounting,,,Tools,,,Kids
27,9578411642,M,Engineering,Outdoors,Services,Grocery,,,Automotive
28,2138349527,M,Training,Tools,,Music,Beauty,Product Management,Home
29,1923126938,M,Accounting,Automotive,Support,,,,
30,9091713097,M,Human Resources,Garden,Sales,Kids,Home,Marketing,
31,7881692162,M,Legal,Outdoors,,Toys,,,Clothing
32,9034692809,F,Training,Industrial,,,Home,Product Management,Jewelery
33,7666622074,M,Engineering,Electronics,Human Resources,Health,Grocery,Research and Development,
34,8101701451,M,Services,Home,Product Management,Grocery,Movies,Training,Health
35,1153384906,M,Research and Development,Health,Research and Development,Baby,Music,Engineering,Health
36,4986709488,F,Services,Books,,,,,
37,0374638934,M,Accounting,Automotive,Services,Home,Health,Accounting,
38,5368590156,M,Accounting,Outdoors,Engineering,Games,,,Kids
39,7586453780,M,Marketing,Electronics,,Automotive,,,
40,7216023668,F,Research and Development,Sports,Business Development,,,,Beauty
41,2205942158,M,Marketing,Home,Services,Sports,Games,Engineering,
42,6268934059,M,Business Development,,Training,,Garden,Research and Development,
43,0004618483,F,Support,Books,Accounting,Tools,Industrial,Product Management,
44,3737475407,M,Engineering,Garden,Sales,Toys,Electronics,Engineering,Electronics
45,8322135610,F,Business Development,,Legal,,Kids,Accounting,
46,3341830030,F,Engineering,Toys,,Home,,,Grocery
47,9924261704,F,Human Resources,Beauty,Training,Movies,Tools,Business Development,Garden
48,6855278418,M,Training,Books,Research and Development,,,,Movies
49,4402339081,M,Legal,,,Clothing,,,Sports
50,9915526202,M,Accounting,Outdoors,Business Development,,,,Automotive
51,7120007939,F,Support,Computers,Sales,Outdoors,Beauty,Marketing,Music
52,2899460595,M,Training,Games,Support,Beauty,Industrial,Business Development,Books
53,6695892768,F,Business Development,Electronics,Research and Development,Jewelery,Beauty,Sales,
54,3004054795,F,Accounting,Home,Accounting,Movies,Sports,Training,Industrial
55,1850277435,F,Business Development,,Support,Sports,Shoes,Human Resources,
56,3307664956,M,Support,Health,Engineering,,Computers,Business Development,
57,2303673798,M,Support,Electronics,,Grocery,Games,Legal,
58,5705322429,M,Marketing,,,Home,Computers,Legal,Jewelery
59,3557069052,F,Research and Development,Automotive,Product Management,,Home,Legal,Toys
60,3013422076,F,Human Resources,Movies,Marketing,,,,
61,5003740808,M,Training,Games,Research and Development,Shoes,Toys,Services,
62,0963097784,M,Accounting,Clothing,Business Development,,,,
63,2972356551,F,Business Development,Health,Engineering,Outdoors,Kids,Marketing,
64,3939125474,F,Accounting,Health,Services,Beauty,,,
65,7591102400,F,Accounting,Games,Product Management,,Electronics,Human Resources,Jewelery
66,8177541129,F,Business Development,Books,Services,Clothing,Books,Training,
67,2789748292,F,Support,Industrial,,,,,Electronics
68,4867581054,M,Training,Kids,,Home,Grocery,Human Resources,Sports
69,3209938172,F,Training,Tools,Product Management,Clothing,Home,Legal,
70,6475769606,M,Product Management,Sports,,Jewelery,,,
71,2206371987,F,Training,Tools,,,,,
72,7489136474,M,Services,Computers,Legal,Games,,,
73,4711364196,F,Marketing,Games,Legal,,,,Shoes
74,5347629452,F,Accounting,Home,Services,,Books,Accounting,
75,9108338264,M,Services,,Marketing,Automotive,,,
76,5430268186,M,Legal,Sports,Marketing,,,,
77,6176466008,M,Human Resources,Jewelery,Sales,,,,Home
78,2337118053,F,Research and Development,Outdoors,,Outdoors,Toys,Business Development,
79,6806718973,M,Engineering,Kids,Product Management,Garden,,,Beauty
80,8690342028,F,Sales,Outdoors,,,Sports,Product Management,
81,0265177987,M,Research and Development,Computers,Accounting,Automotive,,,Outdoors
82,7406109520,F,Support,Grocery,Services,Grocery,Games,Legal,Shoes
83,6037738866,M,Marketing,Electronics,,Sports,,,Clothing
84,0302895116,F,Support,Clothing,Legal,,Books,Services,Toys
85,2124269992,F,Product Management,Games,Research and Development,Beauty,Outdoors,Engineering,Toys
86,8632251546,F,Legal,Shoes,,,Sports,Engineering,
87,3852069912,M,Product Management,Music,Research and Development,Electronics,Grocery,Marketing,
88,4812110629,M,Sales,Garden,Business Development,,Health,Support,Electronics
89,6648730595,F,Legal,Tools,Legal,Beauty,Movies,Business Development,Outdoors
90,9302347419,M,Training,Beauty,Marketing,,Clothing,Sales,Electronics
91,3767427206,M,Support,Jewelery,Sales,,Movies,Training,
92,4602387640,M,Support,,,,,,
93,6725799779,M,Research and Development,Shoes,,Kids,Books,Legal,Clothing
94,9136600784,F,Business Development,Shoes,Human Resources,Music,Clothing,Marketing,Home
95,9520652566,M,Business Development,Home,Training,Kids,Outdoors,Product Management,Health
96,4513476583,M,Marketing,,Training,,Movies,Human Resources,Home
97,3082638465,F,Accounting,Tools,Engineering,Clothing,Health,Business Development,Music
98,9607125355,M,Support,Shoes,Accounting,,,,Sports
99,2161550519,M,Business Development,Toys,Business Development,Industrial,,,Baby
100,9477313386,F,Support,Outdoors,Training,Tools,,,Music
101,7609934194,M,Training,Grocery,,Home,Tools,Training,
102,1985628546,M,Business Development,,Services,,Tools,Legal,Computers
103,8740624307,M,Legal,,Legal,,,,Kids
104,7190937951,M,Accounting,Sports,,Tools,,,Automotive
105,8006735611,M,Training,Health,,Industrial,,,
106,1958185949,M,Research and Development,Music,Marketing,Electronics,,,Automotive
107,0212429876,M,Training,,Sales,Movies,Industrial,Research and Development,
108,7929233987,F,Accounting,Home,,Shoes,,,
109,7210552464,M,Marketing,Outdoors,Human Resources,Kids,Music,Services,
110,7377015586,F,Services,,,Tools,,,
111,2811703675,F,Research and Development,Music,Engineering,,Computers,Sales,Beauty
112,6808043744,F,Support,Outdoors,Human Resources,,Grocery,Product Management,
113,3093359406,M,Research and Development,Beauty,Support,Kids,,,Tools
114,3953743945,M,Accounting,Outdoors,,,,,
115,7052004798,F,Engineering,Electronics,Research and Development,Sports,Sports,Research and Development,Games
116,6463297658,F,Marketing,Books,,Computers,Health,Product Management,
117,6112659794,M,Engineering,Grocery,Marketing,Tools,,,
118,6695762414,M,Legal,Kids,Accounting,Computers,,,Sports
119,4162105170,F,Product Management,Outdoors,,Tools,Baby,Training,Beauty
120,5626801294,M,Business Development,Industrial,Product Management,Tools,Health,Marketing,Toys
121,8103107476,F,Training,Music,Business Development,Outdoors,,,Kids
122,0459058649,M,Research and Development,Industrial,Research and Development,Grocery,,,
123,5229993170,M,Business Development,Clothing,,Movies,Industrial,Business Development,Sports
124,4739741350,M,Research and Development,Movies,Training,Baby,,,
125,3402363593,F,Engineering,Tools,Support,,Automotive,Training,
126,9425527202,F,Product Management,Outdoors,,,Computers,Business Development,Automotive
127,5389001214,M,Human Resources,Grocery,,,Electronics,Engineering,
128,6994414310,F,Human Resources,Beauty,Accounting,Automotive,Computers,Legal,Health
129,4791604954,F,Product Management,Grocery,Legal,,Electronics,Legal,
130,1140438557,M,Accounting,Industrial,,Outdoors,Movies,Business Development,
131,0680522913,F,Human Resources,Grocery,Legal,Sports,Automotive,Training,Home
132,4890214127,F,Product Management,Computers,Support,,Home,Marketing,
133,1807670791,M,Sales,Garden,,Games,,,Grocery
134,3385039932,F,Accounting,Music,Support,Tools,Movies,Product Management,
135,0180868462,F,Legal,Automotive,Marketing,Electronics,,,Baby
136,1155192664,F,Product Management,Music,Legal,Movies,,,
137,7829284032,M,Business Development,Kids,Services,,Jewelery,Services,Shoes
138,9945164198,M,Sales,Grocery,Sales,Clothing,Garden,Services,
139,9946760444,F,Business Development,Clothing,Human Resources,,Movies,Legal,Beauty
140,5982351164,F,Services,Shoes,Human Resources,,Beauty,Sales,Electronics
141,7017903412,F,Human Resources,Baby,Legal,Kids,,,
142,0407583394,M,Business Development,Shoes,,Electronics,,,
143,8119990617,M,Sales,Industrial,Engineering,,Outdoors,Sales,Electronics
144,8182316448,F,Sales,Jewelery,Marketing,,,,
145,6587309054,F,Research and Development,Garden,Product Management,Automotive,,,
146,3235328238,F,Product Management,Sports,Services,Outdoors,Kids,Marketing,Clothing
147,8986777185,M,Sales,Health,Support,Automotive,Shoes,Accounting,Books
148,4966487307,F,Product Management,Kids,,,Baby,Sales,
149,8225528689,F,Services,Automotive,Product Management,,Outdoors,Accounting,Beauty
150,2481746309,M,Human Resources,Tools,Training,,Music,Support,Shoes
151,4022880805,F,Services,Grocery,Product Management,Garden,Music,Services,
152,0747784507,M,Research and Development,Outdoors,,Industrial,,,
153,7808823864,M,Research and Development,Jewelery,Accounting,Computers,,,Baby
154,5315846393,F,Accounting,Home,,,,,Sports
155,9985333543,M,Accounting,Books,Sales,Sports,Grocery,Legal,
156,6748633052,M,Product Management,Music,Support,,,,
157,5051584519,M,Sales,Baby,,,,,
158,7483063408,F,Training,Music,Support,Tools,,,
159,9262885490,M,Training,Health,Sales,Computers,,,Baby
160,7821738492,M,Human Resources,Computers,Marketing,Industrial,,,
161,8308552900,M,Business Development,Electronics,Research and Development,,,,Tools
162,6615076853,F,Marketing,Shoes,Research and Development,,,,Home
163,5802925159,F,Services,Industrial,,Beauty,,,Toys
164,3155620749,M,Support,Baby,Sales,Health,,,Electronics
165,5557468625,F,Product Management,Toys,Accounting,,Movies,Engineering,Beauty
166,7540308958,F,Accounting,Grocery,Legal,Health,,,
167,6161029383,M,Human Resources,Baby,Research and Development,Home,,,
168,6184455664,M,Training,Shoes,Accounting,,,,Health
169,1787899071,M,Human Resources,Outdoors,Engineering,Baby,,,Movies
170,7213630199,F,Accounting,Shoes,Research and Development,Garden,Beauty,Legal,
171,4863975481,F,Training,Clothing,Legal,Games,Garden,Training,
172,5916311583,F,Training,Outdoors,Training,Baby,,,Music
173,7608678526,M,Services,Industrial,Business Development,Tools,Sports,Sales,Books
174,9240948929,F,Marketing,Movies,Research and Development,Clothing,Automotive,Engineering,Toys
175,7376047883,F,Research and Development,Outdoors,Accounting,Books,Music,Business Development,
176,6493584191,F,Support,Tools,,,Sports,Services,
177,3646831766,F,Support,Baby,Accounting,,Automotive,Engineering,Sports
178,4240031761,M,Marketing,Garden,Product Management,Sports,Movies,Business Development,
179,5812872988,F,Accounting,Outdoors,,Health,Books,Research and Development,Home
180,8122225446,M,Product Management,Automotive,Services,,,,
181,3226486861,F,Business Development,Sports,Product Management,Electronics,,,
182,2270063392,M,Research and Development,Electronics,Accounting,Shoes,Beauty,Business Development,Books
183,4200743868,F,Legal,Clothing,Marketing,,Sports,Business Development,Home
184,6080334623,M,Engineering,Electronics,,Games,,,Computers
185,5301115537,F,Legal,Grocery,,,Shoes,Marketing,Baby
186,4973797618,M,Marketing,Automotive,,,Electronics,Human Resources,
187,3478389186,F,Research and Development,Music,Human Resources,Home,Health,Product Management,Electronics
188,1501141368,F,Research and Development,Shoes,,Automotive,Health,Accounting,
189,8846775422,M,Human Resources,Music,Research and Development,,Sports,Support,
190,9720399880,M,Services,Music,Services,Outdoors,Baby,Marketing,Music
191,3254253809,M,Sales,Health,Accounting,Clothing,Music,Services,Books
192,5017273565,M,Product Management,Tools,Human Resources,Grocery,Kids,Business Development,Movies
193,6108343087,F,Marketing,Tools,Services,Movies,,,Games
194,6839771563,F,Services,Health,Research and Development,,Shoes,Human Resources,
195,7919424429,F,Research and Development,Garden,,Music,,,Clothing
196,4145724054,M,Support,Games,Engineering,Jewelery,Outdoors,Human Resources,
197,5644579468,M,Training,Grocery,Marketing,Sports,Industrial,Engineering,Baby
198,6563719597,F,Business Development,Computers,,Industrial,Toys,Legal,
199,9122905383,F,Business Development,Toys,Accounting,,Grocery,Services,
200,1017305366,M,Business Development,Automotive,Business Development,,Beauty,Support,Health
201,6975310173,F,Accounting,Jewelery,Business Development,Outdoors,Beauty,Product Management,Baby
202,8554450957,M,Services,,Sales,Home,,,Music
203,7792771253,M,Marketing,Kids,,Music,Tools,Sales,Jewelery
204,0455482764,M,Services,Shoes,Sales,Music,Baby,Human Resources,Garden
205,4292906823,F,Human Resources,Home,Training,Sports,,,Beauty
206,4539303252,F,Business Development,,Legal,Outdoors,Outdoors,Legal,
207,4684295672,F,Legal,Computers,Marketing,Jewelery,Garden,Product Management,Games
208,8478973907,M,Support,Music,Engineering,Music,Games,Sales,
209,8887145814,F,Research and Development,Automotive,Human Resources,,Automotive,Engineering,
210,1126434493,F,Research and Development,,Engineering,,Industrial,Support,Grocery
211,1143294645,M,Human Resources,Outdoors,Accounting,,,,Toys
212,7668903151,M,Support,Health,,,Automotive,Business Development,
213,5991702519,M,Support,Games,Human Resources,Tools,,,Health
214,7694343885,M,Research and Development,,Training,,Beauty,Legal,
215,9125317997,M,Training,Kids,,Computers,,,Automotive
216,9400355203,F,Legal,Shoes,Support,,,,Sports
217,5628901261,F,Accounting,,Human Resources,,Tools,Business Development,Beauty
218,9824431411,M,Business Development,Outdoors,Training,,Jewelery,Product Management,
219,3810328588,M,Research and Development,Beauty,Sales,,Outdoors,Training,Music
220,8644890085,F,Product Management,Clothing,Accounting,Garden,Garden,Research and Development,
221,6926328293,M,Business Development,,,Sports,,,
222,0058945288,M,Sales,Jewelery,Accounting,Home,Baby,Services,Books
223,4926500698,M,Research and Development,Health,,Baby,,,Clothing
224,0140027432,F,Marketing,,,Garden,Toys,Accounting,
225,3998872256,M,Product Management,,Engineering,Grocery,Electronics,Marketing,
226,7800842096,F,Training,Sports,Product Management,Baby,,,
227,9027937400,F,Services,Books,Product Management,,Toys,Legal,
228,3400131652,F,Engineering,,Support,Electronics,Garden,Human Resources,
229,8818172441,M,Support,Sports,Marketing,Clothing,Grocery,Engineering,
230,3439367878,F,Business Development,Baby,Sales,Computers,,,Toys
231,0823233928,M,Product Management,Shoes,,Jewelery,Jewelery,Research and Development,Garden
232,5629984853,F,Business Development,,Services,Jewelery,Clothing,Training,Tools
233,8401432456,F,Support,,Sales,Automotive,Toys,Accounting,Jewelery
234,5207193465,M,Support,Home,Marketing,,Industrial,Research and Development,
235,7577272272,M,Legal,Home,Legal,,,,Movies
236,0418324069,F,Marketing,Jewelery,Support,,,,
237,7288707229,F,Marketing,Automotive,,Garden,Clothing,Engineering,Shoes
238,7692923094,F,Support,Outdoors,Accounting,Toys,Computers,Services,
239,7936173013,M,Human Resources,Movies,Human Resources,Computers,,,
240,7203405370,F,Product Management,Baby,Sales,Movies,Beauty,Business Development,
241,7181640992,F,Accounting,Garden,,Sports,,,
242,0031767796,F,Engineering,Sports,Legal,Industrial,Books,Training,
243,4038306585,M,Product Management,Computers,Accounting,Sports,,,Electronics
244,0610438433,M,Training,Grocery,Business Development,Computers,Electronics,Product Management,Automotive
245,4690720800,M,Legal,Tools,,,Games,Human Resources,Outdoors
246,3469635013,M,Product Management,Garden,Human Resources,,,,
247,3667274017,F,Product Management,Tools,Engineering,Kids,Computers,Legal,Clothing
248,6154263317,M,Human Resources,Movies,Services,Jewelery,Shoes,Services,
249,5971043714,F,Legal,Electronics,,Automotive,,,Home
250,6384666405,M,Engineering,Computers,Accounting,Jewelery,Books,Engineering,
251,1926405587,M,Human Resources,Health,Human Resources,Tools,Beauty,Research and Development,Movies
252,6349164407,F,Legal,Clothing,Sales,Outdoors,Grocery,Engineering,
253,9996902277,M,Human Resources,Tools,Engineering,,,,Toys
254,0852511957,F,Sales,Garden,Research and Development,,Tools,Training,Garden
255,0251643670,M,Engineering,Computers,Product Management,Toys,Kids,Services,Automotive
256,8470946048,F,Marketing,Grocery,,Garden,Clothing,Services,Industrial
257,4799478532,M,Business Development,Games,Engineering,,,,Tools
258,3950076867,F,Engineering,Kids,Legal,Kids,,,Tools
259,9184383321,M,Training,Outdoors,Product Management,,,,
260,4583475659,M,Legal,Garden,Engineering,Shoes,,,
261,5044325643,M,Business Development,Movies,Human Resources,,,,
262,3273386649,M,Human Resources,,Product Management,Grocery,Kids,Research and Development,Health
263,9578852614,M,Marketing,,Engineering,Sports,Movies,Training,Books
264,6205066939,M,Research and Development,,,,Home,Human Resources,
265,9609153909,M,Services,Automotive,Human Resources,Baby,Books,Human Resources,
266,8411698874,M,Marketing,,Research and Development,Beauty,,,
267,1094928585,M,Legal,Tools,,Jewelery,,,Books
268,9121449805,F,Human Resources,Kids,,,Baby,Sales,
269,7089514633,F,Product Management,Baby,Research and Development,,Music,Engineering,
270,4461519953,F,Accounting,Toys,,,,,
271,4232376747,M,Marketing,Books,Legal,,,,
272,1020385510,F,Business Development,Beauty,,Health,Garden,Marketing,Books
273,7328708204,F,Sales,Health,,Sports,,,
274,6663368559,F,Sales,,Support,Outdoors,,,Jewelery
275,0254549993,F,Training,Computers,Accounting,Tools,,,Automotive
276,1058219863,F,Business Development,Books,Accounting,,,,
277,2732576751,M,Services,Kids,Engineering,Kids,Electronics,Product Management,
278,0013880012,M,Accounting,Music,Support,Toys,,,Health
279,3500577164,M,Marketing,Books,Human Resources,,,,Kids
280,5032342483,M,Training,Movies,Support,,Health,Sales,
281,9173781223,F,Human Resources,Automotive,Marketing,Home,,,
282,9050224970,F,Training,Health,Legal,,Music,Training,
283,4023499676,F,Accounting,Garden,,Home,Clothing,Support,
284,9047861426,M,Research and Development,Sports,Human Resources,Grocery,Automotive,Legal,
285,6627182297,F,Accounting,Books,Research and Development,Books,,,Books
286,1018504036,F,Engineering,Kids,Support,Toys,Music,Legal,Music
287,8101082026,M,Business Development,Toys,Legal,Garden,Shoes,Human Resources,Outdoors
288,4545427383,F,Product Management,Tools,Research and Development,Music,Movies,Legal,
289,5023946258,M,Engineering,Computers,Training,Books,,,Games
290,3543122533,F,Training,Kids,Legal,,,,
291,6543308060,M,Product Management,Books,,Garden,,,Outdoors
292,1399752308,F,Accounting,,Business Development,,,,Toys
293,1404385312,M,Legal,Health,Marketing,Grocery,,,
294,4340907391,F,Training,Outdoors,Training,,Health,Sales,Outdoors
295,1837389063,F,Support,,,Clothing,Computers,Research and Development,Shoes
296,5643260166,M,Sales,,Business Development,Computers,,,Jewelery
297,9648670374,F,Marketing,Movies,,,Clothing,Accounting,
298,3375772149,M,Product Management,Movies,Services,Computers,,,
299,1255587725,F,Product Management,Outdoors,Legal,Kids,,,
300,7477017017,M,Marketing,Outdoors,Sales,Garden,Music,Engineering,
301,3537159315,M,Business Development,Home,Sales,Outdoors,Games,Training,Music
302,4893240927,F,Sales,Garden,Human Resources,Automotive,,,
303,3354777524,M,Business Development,Books,Research and Development,,,,Health
304,9403808438,F,Support,Music,Accounting,,Computers,Services,
305,3566862347,F,Sales,Sports,Human Resources,Tools,Jewelery,Human Resources,Electronics
306,7143460370,M,Support,Books,Accounting,Clothing,,,Garden
307,6393802502,F,Marketing,Sports,,,,,
308,1937704580,F,Research and Development,Games,Accounting,,,,
309,8577554317,M,Accounting,Books,Sales,Outdoors,Tools,Accounting,
310,9189042859,F,Product Management,Clothing,Engineering,Automotive,Games,Accounting,Tools
311,3420703430,M,Engineering,,Sales,Outdoors,,,Computers
312,9168980507,F,Sales,Garden,Support,Outdoors,,,
313,8117783312,F,Accounting,Sports,Sales,Games,,,
314,3666659713,F,Support,Clothing,Training,,Games,Product Management,Outdoors
315,3943225119,F,Marketing,Home,Accounting,,Garden,Human Resources,
316,7719254872,M,Legal,,Accounting,Health,,,
317,8539135442,F,Product Management,,Research and Development,Garden,,,
318,7979593235,F,Legal,Clothing,Research and Development,Beauty,Industrial,Engineering,
319,7243496091,M,Support,Jewelery,Legal,Home,Home,Business Development,Health
320,8408870378,M,Support,Games,Services,Books,,,Tools
321,9571094293,F,Training,Movies,Support,Toys,,,
322,3960267290,F,Accounting,,Accounting,Music,Toys,Services,Sports
323,7545785002,F,Support,Movies,,,,,Toys
324,8028736084,F,Marketing,Electronics,Marketing,,,,Beauty
325,2572532077,F,Accounting,Shoes,Engineering,,,,
326,7108962888,F,Human Resources,Shoes,Support,Garden,Automotive,Services,Sports
327,8673126614,F,Engineering,Electronics,,,Clothing,Research and Development,Electronics
328,2688887947,M,Human Resources,Beauty,Engineering,Shoes,,,
329,4601240239,F,Accounting,Sports,Training,Sports,Music,Business Development,Jewelery
330,3244878954,F,Legal,Music,Research and Development,Baby,Industrial,Product Management,Garden
331,7988277146,F,Legal,Electronics,Legal,Sports,,,
332,6823652659,F,Training,,Services,Jewelery,,,Outdoors
333,6272099436,F,Research and Development,Electronics,,Sports,,,Baby
334,2794716492,M,Training,Toys,Support,Electronics,Beauty,Business Development,
335,6966757659,M,Support,Music,Engineering,,Garden,Product Management,Jewelery
336,5725027279,M,Research and Development,Clothing,,Outdoors,,,Jewelery
337,1020039981,F,Human Resources,Clothing,Research and Development,Health,Movies,Support,
338,3471230777,F,Accounting,Books,Services,Computers,Shoes,Legal,Beauty
339,1357100493,M,Business Development,Jewelery,,Shoes,,,
340,6544068675,M,Product Management,Computers,Services,,Baby,Engineering,
341,7613201279,F,Sales,Industrial,,,Shoes,Research and Development,
342,0576150436,M,Services,Home,Engineering,Grocery,Grocery,Legal,
343,2150642220,F,Human Resources,Health,Human Resources,,Books,Sales,
344,2739595816,M,Engineering,Jewelery,,,,,Toys
345,7220899114,F,Support,Games,Services,Outdoors,Kids,Marketing,
346,5826007796,M,Support,Shoes,,Toys,Beauty,Product Management,Grocery
347,6447340269,M,Product Management,Clothing,Services,Baby,Clothing,Training,
348,8625641407,M,Accounting,,,,Electronics,Engineering,
349,4691392793,F,Legal,Shoes,Product Management,Home,,,Outdoors
350,6579923334,M,Human Resources,Kids,Support,,Automotive,Marketing,Shoes
351,0821164988,F,Product Management,Home,Research and Development,Music,,,Outdoors
352,8847085527,F,Human Resources,Computers,Business Development,,,,
353,4624119851,F,Services,Home,,Jewelery,Jewelery,Product Management,Shoes
354,5754407939,F,Services,Toys,Services,Kids,,,
355,6736012228,M,Services,Toys,,Grocery,Electronics,Human Resources,
356,0883852330,M,Accounting,Garden,Sales,,Toys,Human Resources,Toys
357,9139849902,M,Accounting,Home,,,Outdoors,Services,
358,5245106302,M,Accounting,Books,Sales,,,,
359,0647572001,M,Training,Automotive,Legal,,,,
360,8494326295,F,Support,Tools,,Automotive,Kids,Support,Shoes
361,3654833659,M,Support,Outdoors,,Health,,,
362,0912976934,M,Support,,,Tools,,,
363,4079182295,F,Product Management,,Product Management,,Shoes,Legal,
364,8052056616,F,Engineering,Clothing,Marketing,Garden,,,
365,1589571967,F,Support,Electronics,Product Management,Kids,Clothing,Services,
366,3100549716,F,Engineering,Electronics,Support,Kids,,,
367,5741655270,F,Research and Development,Shoes,Human Resources,Health,Grocery,Research and Development,
368,9855127994,F,Legal,Toys,Marketing,Books,Clothing,Business Development,Sports
369,4408853259,M,Research and Development,Kids,,Music,,,Industrial
370,9934130300,F,Training,,Legal,Beauty,Grocery,Accounting,
371,2618282485,F,Human Resources,Automotive,Support,,,,Health
372,0675061172,F,Business Development,Kids,Research and Development,Shoes,Tools,Legal,Movies
373,0080295002,F,Services,Outdoors,Accounting,Automotive,,,
374,4783858128,M,Human Resources,Computers,,Jewelery,Automotive,Legal,Clothing
375,0101309546,F,Training,Books,Training,,Kids,Marketing,Garden
376,1609549139,F,Business Development,Books,Business Development,Music,Books,Support,
377,4349456562,F,Legal,Grocery,Sales,,Jewelery,Support,Home
378,7665252257,M,Marketing,Movies,Training,Industrial,Kids,Engineering,
379,2196095362,M,Human Resources,Jewelery,,Music,,,Home
380,6663786156,M,Engineering,Movies,Research and Development,,Baby,Human Resources,Electronics
381,4615143443,M,Legal,,,Home,,,Outdoors
382,0945096828,M,Business Development,Shoes,Research and Development,,,,
383,2186966948,F,Business Development,Shoes,Support,Automotive,Clothing,Training,Books
384,2303882818,F,Support,Computers,Engineering,Movies,,,Jewelery
385,8526582127,F,Engineering,Toys,Support,Automotive,Home,Sales,
386,3982764238,M,Research and Development,Industrial,,Tools,,,Music
387,3159252574,F,Human Resources,Industrial,Sales,,,,
388,9328816041,F,Marketing,Movies,,Beauty,,,
389,5937839218,F,Engineering,Baby,Business Development,Jewelery,,,Health
390,3061986480,M,Marketing,Tools,Engineering,Electronics,Movies,Sales,
391,3244971210,F,Legal,Electronics,Training,Shoes,Computers,Accounting,Tools
392,8846371070,M,Human Resources,,Research and Development,Beauty,Games,Marketing,Clothing
393,9948645537,M,Research and Development,Sports,Sales,Garden,Home,Human Resources,
394,8586008532,M,Human Resources,Outdoors,Services,,Music,Legal,
395,5990369964,F,Legal,Home,,,,,Books
396,2529951055,M,Research and Development,Computers,Human Resources,Games,Toys,Support,Baby
397,2073434584,M,Engineering,Industrial,Engineering,Kids,Sports,Research and Development,Home
398,4689874344,M,Support,Kids,Product Management,Games,,,
399,7784599242,F,Engineering,Grocery,Research and Development,Kids,,,Automotive
400,6834464301,M,Marketing,Garden,Human Resources,Toys,,,Industrial
401,2571921819,F,Support,Clothing,Training,Garden,Music,Human Resources,Shoes
402,5119174957,M,Support,Automotive,,Games,Computers,Legal,Health
403,2146928425,M,Training,Toys,Services,,Shoes,Business Development,
404,4727560879,M,Engineering,Garden,Training,,Movies,Support,Baby
405,3535158273,M,Business Development,Toys,Human Resources,,Games,Support,Outdoors
406,0448092050,F,Support,Automotive,Business Development,,Beauty,Research and Development,
407,7064433524,F,Accounting,Electronics,Legal,Outdoors,Industrial,Product Management,
408,1339422700,F,Business Development,Shoes,Business Development,Shoes,Jewelery,Training,Sports
409,1052822010,M,Human Resources,,,Beauty,,,
410,4364427144,M,Sales,Sports,Human Resources,,Automotive,Human Resources,
411,3105511296,M,Business Development,Sports,Training,Automotive,Outdoors,Accounting,Home
412,6664080575,M,Support,Garden,,Home,,,
413,1019558938,F,Accounting,Computers,Legal,Clothing,Kids,Accounting,Grocery
414,0274843706,M,Services,Jewelery,Legal,Computers,,,Sports
415,0287670929,M,Engineering,Kids,Training,,Electronics,Research and Development,Books
416,7839166377,M,Accounting,Beauty,Legal,Outdoors,Electronics,Human Resources,Outdoors
417,8530348648,M,Business Development,Games,Accounting,Jewelery,Beauty,Business Development,
418,1870716299,F,Legal,Health,,,,,
419,3185447581,M,Engineering,Health,Business Development,Games,,,Grocery
420,5838413689,M,Support,Health,Human Resources,Baby,Industrial,Human Resources,
421,0246993154,F,Support,Health,Services,,Sports,Business Development,
422,0152891234,M,Services,Computers,Legal,Beauty,,,Industrial
423,5808485010,F,Training,Jewelery,Research and Development,Electronics,,,Industrial
424,3433624194,M,Product Management,Sports,Engineering,,Clothing,Legal,Tools
425,4332430689,F,Training,Computers,Sales,Automotive,,,Jewelery
426,0961616172,F,Human Resources,Movies,Human Resources,Outdoors,,,Music
427,4050579006,M,Product Management,Industrial,Accounting,Outdoors,Games,Engineering,Clothing
428,3882072903,F,Training,Electronics,,Movies,,,Books
429,6546214946,M,Legal,Books,Support,Health,,,
430,6737154824,F,Research and Development,Garden,,Shoes,,,Books
431,6866118565,M,Training,Shoes,Legal,Jewelery,Computers,Accounting,
432,0498039374,M,Legal,Baby,Support,,Music,Engineering,Music
433,6285468109,F,Research and Development,,Business Development,Computers,Electronics,Marketing,Toys
434,2460694288,F,Human Resources,Jewelery,Product Management,Books,,,Sports
435,9551384482,M,Accounting,Sports,,Toys,,,
436,2635954003,M,Accounting,Clothing,Product Management,,Automotive,Product Management,Automotive
437,3526982899,F,Training,Movies,,Sports,Outdoors,Human Resources,
438,1467703931,F,Research and Development,Clothing,Training,Books,,,
439,9072940067,F,Accounting,Jewelery,Sales,Movies,,,Industrial
440,8023481495,M,Support,Computers,Marketing,Games,Clothing,Training,
441,5515790316,F,Product Management,Beauty,,Music,,,Toys
442,9968645052,F,Human Resources,Industrial,Product Management,Industrial,Games,Sales,
443,1631455028,M,Support,Music,,,,,Tools
444,0302305238,M,Human Resources,Books,Sales,Computers,Health,Training,Tools
445,0223968323,M,Engineering,Grocery,Accounting,Shoes,,,Computers
446,8288624022,F,Human Resources,Automotive,Human Resources,Industrial,Games,Accounting,
447,0865720207,F,Engineering,Sports,Accounting,Industrial,,,Clothing
448,0103433724,M,Product Management,Grocery,Support,Clothing,Outdoors,Sales,Jewelery
449,5279454249,F,Sales,,Services,Automotive,,,
450,9496569862,F,Accounting,Home,Research and Development,Grocery,,,
451,2270037626,F,Training,Health,,Outdoors,,,Garden
452,2312334704,M,Support,,Human Resources,,Clothing,Accounting,
453,1006134913,M,Legal,Tools,Support,Home,Outdoors,Business Development,
454,1964857511,M,Training,Sports,Legal,,Outdoors,Product Management,
455,7534339812,M,Sales,Garden,,Movies,,,
456,6466453138,M,Marketing,,Human Resources,Grocery,Movies,Engineering,
457,7576397101,F,Human Resources,Shoes,Legal,Health,,,Electronics
458,0576822647,F,Marketing,Electronics,Human Resources,,Computers,Research and Development,Sports
459,9841211165,M,Engineering,Industrial,,Electronics,,,Computers
460,5485833500,F,Legal,Clothing,Sales,,,,
461,0280466765,M,Human Resources,Clothing,,Beauty,Home,Human Resources,Movies
462,4399727772,M,Business Development,Home,Business Development,Garden,Games,Services,Home
463,7858288385,F,Support,Movies,Human Resources,Jewelery,,,Garden
464,3162178304,F,Support,Shoes,Business Development,Baby,,,Baby
465,5667986256,F,Training,Electronics,Legal,,Music,Marketing,
466,2147229717,F,Support,Electronics,,Automotive,Home,Support,
467,7127411948,M,Support,Clothing,Accounting,,,,
468,8235373378,M,Business Development,Computers,Human Resources,Computers,Grocery,Human Resources,
469,4192376903,F,Business Development,Industrial,Human Resources,Grocery,,,
470,8155012395,F,Support,Health,,Grocery,,,Home
471,5586451530,F,Services,Grocery,Research and Development,Outdoors,,,Outdoors
472,6169294604,M,Human Resources,Sports,Marketing,Toys,,,Baby
473,9213600763,M,Legal,Automotive,Business Development,Kids,Clothing,Marketing,
474,7794367522,F,Training,Beauty,Research and Development,Computers,Beauty,Sales,
475,4645308904,F,Business Development,Sports,,,Grocery,Business Development,Movies
476,3278571843,M,Accounting,Baby,Accounting,,Shoes,Human Resources,Outdoors
477,5554753744,F,Legal,,Engineering,Outdoors,,,Tools
478,7637403149,M,Sales,Shoes,Services,,,,
479,6463414514,M,Research and Development,Industrial,Marketing,,,,Clothing
480,3851946561,M,Services,Movies,,Music,Sports,Support,Clothing
481,7804814976,F,Sales,Music,Sales,Garden,Grocery,Business Development,Garden
482,5771374512,M,Business Development,Garden,Support,Clothing,,,Clothing
483,7605337973,M,Training,Toys,Research and Development,Tools,Automotive,Research and Development,Toys
484,7712784566,M,Support,Industrial,,,,,
485,1712174770,F,Legal,Home,Accounting,Industrial,Clothing,Sales,Baby
486,9191999200,M,Legal,Computers,Accounting,Toys,Shoes,Accounting,Tools
487,5743295255,M,Training,Beauty,Services,Beauty,,,Outdoors
488,6938055521,M,Accounting,Games,Accounting,,Books,Business Development,Health
489,7402174875,M,Research and Development,Clothing,Research and Development,Sports,Shoes,Services,Industrial
490,5187560832,F,Sales,,Human Resources,Computers,,,Jewelery
491,6871114327,M,Business Development,Grocery,Engineering,,,,Kids
492,3830785135,F,Engineering,Jewelery,Support,,Electronics,Support,
493,9697900833,F,Accounting,Shoes,Business Development,Kids,Computers,Legal,Clothing
494,1756444978,M,Accounting,,Business Development,Computers,,,Movies
495,8675325142,M,Marketing,Kids,Services,,,,
496,6990209011,F,Business Development,,Human Resources,Baby,Tools,Marketing,
497,5426631603,M,Support,Garden,Business Development,Health,Kids,Engineering,
498,6220989554,M,Research and Development,Garden,Services,,Health,Product Management,Computers
499,3116456011,F,Marketing,Industrial,Services,Jewelery,Baby,Marketing,
500,8085619652,M,Accounting,Jewelery,Product Management,Health,Toys,Training,
501,0720101859,M,Engineering,Home,Support,Computers,Shoes,Human Resources,Clothing
502,8511073299,M,Support,Jewelery,,,Books,Training,Tools
503,2002083614,M,Accounting,Sports,Accounting,Clothing,Toys,Legal,
504,1514777797,F,Legal,Clothing,Services,Electronics,,,
505,8320483158,M,Marketing,Industrial,Accounting,Electronics,,,Jewelery
506,5743986517,M,Research and Development,Electronics,Business Development,Movies,Sports,Accounting,
507,8238092434,M,Services,Tools,Training,Books,Games,Services,
508,1325463620,M,Legal,Computers,Accounting,Books,Shoes,Research and Development,
509,3461939463,M,Human Resources,Grocery,,,,,Shoes
510,0910655081,F,Support,Automotive,Accounting,Jewelery,,,
511,2956130889,F,Support,Shoes,,Games,,,Tools
512,6644263151,F,Sales,Computers,Legal,Music,Tools,Legal,
513,8377611880,M,Human Resources,Baby,,,,,Jewelery
514,5238693524,M,Engineering,Automotive,Human Resources,Baby,Industrial,Human Resources,Clothing
515,3668402205,M,Research and Development,Home,Marketing,Kids,Movies,Sales,
516,7688787203,F,Accounting,Home,Engineering,Tools,Movies,Research and Development,
517,8828803592,M,Training,Garden,Accounting,,,,Shoes
518,8259009641,F,Support,Baby,Training,Garden,Jewelery,Services,
519,4848277388,F,Services,Beauty,Engineering,Outdoors,Computers,Accounting,
520,2776817312,M,Business Development,Jewelery,,,Outdoors,Business Development,
521,2194231773,F,Marketing,,Human Resources,Music,,,Tools
522,5439528547,F,Marketing,Sports,,,Health,Human Resources,
523,9188368653,F,Business Development,Music,Accounting,,,,
524,6612484446,M,Support,Music,Support,Jewelery,Beauty,Training,
525,6468811473,F,Research and Development,Industrial,Legal,Jewelery,Shoes,Services,Games
526,5222808432,F,Human Resources,Industrial,Services,Grocery,Home,Research and Development,
527,0868218219,M,Training,Sports,,Sports,Shoes,Accounting,Beauty
528,3585042384,F,Support,Health,Product Management,Kids,,,
529,8151774312,F,Sales,,,Electronics,,,
530,1559813679,F,Services,Shoes,Training,,Movies,Research and Development,Jewelery
531,2182930140,F,Marketing,Beauty,Support,Shoes,,,Sports
532,3215201747,M,Services,Computers,Product Management,Music,Clothing,Support,
533,8839058311,M,Marketing,Electronics,,Games,,,Beauty
534,4760139206,F,Accounting,Toys,Marketing,Shoes,Clothing,Training,Beauty
535,2833704038,M,Business Development,Computers,Engineering,Industrial,Music,Engineering,Industrial
536,1589787897,M,Training,Electronics,,Tools,Outdoors,Accounting,Grocery
537,7003248417,M,Support,Outdoors,Accounting,Games,,,
538,9852357794,M,Sales,Games,Human Resources,Computers,Home,Support,
539,7386164025,M,Business Development,Grocery,Training,Shoes,Shoes,Training,
540,5025520088,M,Legal,Sports,Support,Electronics,,,Books
541,1753509432,M,Human Resources,Games,Services,Kids,Electronics,Legal,
542,3871571695,F,Legal,Clothing,Accounting,Beauty,,,Books
543,2145558543,M,Engineering,Automotive,Services,Games,,,Automotive
544,8112870527,F,Marketing,Clothing,,,Movies,Sales,Computers
545,1078832455,M,Support,Electronics,Training,Movies,Grocery,Research and Development,
546,4861441439,M,Marketing,Shoes,Research and Development,,Electronics,Training,
547,2024084257,F,Accounting,Outdoors,Accounting,Shoes,Health,Accounting,Outdoors
548,5886461221,F,Sales,Industrial,Services,,,,
549,4292024324,M,Services,Shoes,Services,,Home,Research and Development,Beauty
550,5122238774,F,Human Resources,Toys,Training,Garden,,,Health
551,8952110102,M,Research and Development,Jewelery,Support,,,,Industrial
552,8383331061,M,Sales,Baby,,Computers,Movies,Legal,Clothing
553,2790533601,M,Marketing,Sports,Human Resources,Books,Clothing,Research and Development,Industrial
554,7943855620,M,Training,Music,Training,Home,,,Baby
555,3924178674,M,Marketing,Toys,Support,Electronics,Garden,Support,
556,2351304195,F,Human Resources,Health,Human Resources,,Garden,Services,
557,3093921422,F,Business Development,Shoes,,Movies,Movies,Business Development,Toys
558,2450135502,F,Support,Music,Sales,,,,
559,3419613989,F,Support,Industrial,Legal,Grocery,Beauty,Legal,Computers
560,2970160382,M,Sales,Grocery,,Industrial,Beauty,Training,Grocery
561,9263588589,F,Human Resources,Books,Engineering,Kids,Kids,Services,
562,8342956156,F,Business Development,Movies,Training,Beauty,,,Grocery
563,4460087553,M,Training,Music,Marketing,Beauty,,,Kids
564,7070067437,M,Marketing,Movies,Product Management,,,,Kids
565,9989402736,F,Training,Garden,,,Beauty,Human Resources,
566,0086679600,F,Training,,,Shoes,,,Computers
567,3621081518,F,Services,Outdoors,Marketing,Tools,Sports,Business Development,
568,3617485596,M,Training,Games,Business Development,Sports,,,Sports
569,8894412202,F,Sales,Books,,Baby,Books,Business Development,
570,4143174480,F,Marketing,Health,Business Development,Outdoors,Beauty,Services,
571,6906702203,F,Human Resources,Computers,Engineering,,Grocery,Training,
572,8191104474,M,Legal,Books,,,,,Health
573,6890115465,M,Support,Games,Human Resources,Garden,Electronics,Research and Development,
574,6988784918,F,Engineering,Books,Sales,Industrial,Sports,Accounting,Grocery
575,4784969969,M,Engineering,Beauty,Services,Outdoors,Jewelery,Legal,
576,2925277802,M,Marketing,,Sales,Clothing,Toys,Legal,
577,9010487253,F,Engineering,,Engineering,Automotive,Books,Product Management,Home
578,1194263143,M,Product Management,Toys,Product Management,,Movies,Business Development,
579,5034456346,F,Services,Shoes,Support,Kids,Electronics,Marketing,
580,4232728554,M,Support,Music,,Automotive,Music,Accounting,Home
581,6889697936,F,Training,,Engineering,Health,,,
582,6837935526,M,Business Development,,Support,Kids,,,
583,8267800034,F,Training,Toys,Business Development,,Baby,Sales,Movies
584,4518117603,F,Business Development,Grocery,,Games,Toys,Services,
585,8508877404,M,Business Development,Movies,,Computers,,,Tools
586,6113163075,M,Engineering,,Services,Outdoors,Sports,Engineering,
587,8022045306,F,Services,Sports,Support,,,,
588,5819644050,M,Training,Music,Business Development,,Sports,Marketing,
589,8045758279,F,Services,,Marketing,,Clothing,Product Management,Beauty
590,0282787526,M,Legal,Sports,Engineering,,,,Electronics
591,0724585265,M,Sales,,Marketing,,Industrial,Sales,Jewelery
592,6896382341,M,Human Resources,Sports,Training,Books,Beauty,Engineering,Baby
593,9683987702,M,Research and Development,Toys,Business Development,Toys,Computers,Legal,
594,7562473595,F,Product Management,Baby,Legal,Home,Home,Training,
595,7551845348,M,Sales,Kids,,Baby,,,Books
596,1010751565,M,Business Development,Outdoors,Marketing,Music,,,Books
597,1499793383,F,Support,Jewelery,,Sports,,,Health
598,5317575656,M,Research and Development,Tools,Training,,Electronics,Marketing,
599,2105175252,F,Legal,Beauty,Marketing,Outdoors,Shoes,Business Development,
600,9572185950,M,Training,Shoes,Research and Development,,Music,Marketing,
601,7378762083,M,Accounting,,Support,,,,Grocery
602,3368426850,F,Product Management,Beauty,Services,Health,Books,Training,Health
603,2381393560,M,Marketing,Automotive,,Electronics,Health,Training,Grocery
604,9018040002,M,Accounting,Garden,Legal,Tools,Shoes,Engineering,Automotive
605,5636231598,M,Services,,,,Sports,Support,
606,8008908807,M,Marketing,Grocery,Business Development,,,,
607,5531339283,M,Product Management,Movies,Business Development,,,,Music
608,5482234851,F,Legal,Clothing,,,,,Computers
609,5529466052,F,Product Management,Beauty,Research and Development,Books,,,Garden
610,7720544439,M,Sales,Books,Human Resources,Grocery,Outdoors,Engineering,
611,6583384159,M,Engineering,Garden,Research and Development,Outdoors,,,Tools
612,7878202591,M,Research and Development,Baby,Legal,Music,Movies,Engineering,Toys
613,2719940232,F,Support,Garden,,,,,
614,1524649805,M,Marketing,Health,Research and Development,,,,Shoes
615,3998734643,F,Legal,Games,Support,Garden,,,
616,6598563399,M,Product Management,Garden,Services,,Grocery,Services,Movies
617,8438045855,M,Sales,Home,,Books,Industrial,Marketing,
618,3687082261,M,Support,,Services,,,,Electronics
619,3325841872,M,Legal,Grocery,,Home,Garden,Product Management,Clothing
620,4851084900,F,Support,Books,Business Development,Sports,,,Toys
621,3220043127,M,Product Management,Jewelery,Marketing,Electronics,,,Industrial
622,4693034223,F,Product Management,Toys,Legal,Tools,Outdoors,Product Management,Health
623,3473786896,F,Research and Development,Beauty,Human Resources,Baby,Grocery,Support,Computers
624,5060934675,M,Human Resources,,,Home,,,
625,7559496008,M,Legal,Music,Training,,Health,Engineering,Outdoors
626,1103495267,F,Support,Books,,Books,Industrial,Product Management,
627,9267559613,M,Accounting,Baby,,Health,,,
628,1666490695,F,Research and Development,Garden,Services,,Industrial,Marketing,Computers
629,6158193313,F,Product Management,Movies,Marketing,,Industrial,Business Development,
630,3756886980,F,Support,Garden,Marketing,Automotive,,,
631,4082325433,F,Marketing,Books,Human Resources,Computers,Tools,Training,
632,3236099038,F,Human Resources,Kids,Human Resources,,Home,Marketing,
633,9120518889,F,Research and Development,Beauty,Marketing,Books,,,Home
634,4239724082,M,Support,Health,Engineering,,,,Kids
635,2574063937,F,Research and Development,Toys,Support,Grocery,Kids,Research and Development,
636,1856756211,F,Services,Books,Accounting,Outdoors,Clothing,Product Management,Beauty
637,9056246356,F,Training,Computers,Legal,Electronics,Games,Services,Electronics
638,4863219563,F,Services,Kids,Human Resources,Books,,,
639,5589971918,F,Training,Automotive,Legal,Music,,,
640,4859480872,M,Human Resources,Tools,Marketing,,Garden,Human Resources,Toys
641,0338924396,F,Product Management,Beauty,Accounting,Garden,Automotive,Human Resources,
642,7529631934,F,Product Management,Computers,Accounting,,,,
643,3033079377,F,Training,Clothing,,,Tools,Training,
644,8706653685,F,Product Management,,,,Tools,Business Development,Music
645,2391634900,F,Research and Development,Outdoors,Sales,Computers,,,Computers
646,3713544298,F,Sales,Games,Human Resources,Kids,Games,Legal,Industrial
647,5577890284,F,Research and Development,Sports,Business Development,Tools,Baby,Legal,
648,6089234567,F,Business Development,Industrial,Human Resources,,Movies,Business Development,Industrial
649,9273858449,M,Services,Computers,,Industrial,,,
650,3610019514,M,Support,Beauty,Marketing,Kids,Movies,Product Management,Music
651,9263174105,F,Engineering,Industrial,Sales,,Jewelery,Accounting,Clothing
652,8679268860,F,Services,Music,,Sports,Books,Accounting,
653,8062969460,M,Services,Industrial,Sales,Movies,Jewelery,Human Resources,
654,2017376981,M,Product Management,Health,Business Development,Health,Industrial,Research and Development,
655,9582779470,M,Services,Health,Support,,,,Clothing
656,1945802367,M,Accounting,Clothing,Accounting,,,,
657,3436230138,F,Engineering,Home,,Jewelery,Health,Business Development,Tools
658,1110538596,M,Product Management,Jewelery,Services,Movies,,,
659,7986250925,F,Support,Automotive,,Toys,Baby,Product Management,Electronics
660,7944936470,F,Services,Games,,Shoes,Automotive,Marketing,
661,8946404272,F,Business Development,Kids,Research and Development,,,,
662,2870215096,F,Engineering,Clothing,Training,Shoes,Grocery,Engineering,
663,2427533203,M,Human Resources,,Product Management,Jewelery,Clothing,Human Resources,
664,6027271523,F,Training,Toys,Training,Jewelery,Kids,Training,
665,3397659841,F,Support,Grocery,Business Development,,Automotive,Engineering,Books
666,8913513935,F,Services,Computers,Training,Sports,Games,Legal,Games
667,0340559616,F,Services,Music,Engineering,Automotive,Health,Sales,Tools
668,5004821674,M,Engineering,Computers,,Shoes,Grocery,Training,Movies
669,9056967908,M,Accounting,Tools,,,,,Kids
670,9225627785,F,Training,Music,Training,Kids,,,Grocery
671,2824190558,F,Marketing,Health,Engineering,Tools,Clothing,Marketing,Books
672,1003873561,F,Research and Development,Tools,,,Health,Training,Shoes
673,0063541041,M,Engineering,Outdoors,,Beauty,Clothing,Business Development,
674,0999251287,M,Human Resources,,Product Management,Jewelery,Computers,Engineering,
675,5066085270,F,Accounting,Outdoors,Research and Development,Games,Shoes,Engineering,Beauty
676,2138921212,F,Human Resources,Outdoors,Services,Clothing,,,
677,5403249419,M,Training,Movies,Marketing,,,,Electronics
678,5445400689,F,Human Resources,Industrial,Human Resources,Health,Sports,Human Resources,
679,9336358480,F,Accounting,,Accounting,,Sports,Business Development,Outdoors
680,9981601942,F,Research and Development,Games,Accounting,Kids,,,
681,9005311592,M,Marketing,Baby,Sales,,Tools,Business Development,Home
682,2952689075,F,Services,Baby,Product Management,Tools,Baby,Research and Development,Beauty
683,5882407842,M,Legal,,Human Resources,Kids,,,
684,7982964109,M,Accounting,Garden,Engineering,Shoes,Jewelery,Product Management,Kids
685,2799866611,F,Sales,Movies,,,Jewelery,Research and Development,
686,5752190991,F,Services,Health,Services,,Outdoors,Training,
687,9478905112,M,Legal,Grocery,Services,Computers,,,Computers
688,5079690925,M,Marketing,Books,Product Management,Garden,Baby,Accounting,
689,1182794254,F,Marketing,Beauty,Legal,Electronics,Baby,Support,Industrial
690,0704762099,M,Services,Industrial,Legal,,Sports,Accounting,
691,0337477639,M,Marketing,Outdoors,Support,Kids,,,Kids
692,8574349232,F,Services,,Research and Development,,Tools,Sales,
693,6809053883,M,Legal,Games,,,Movies,Sales,
694,3873646226,M,Accounting,Jewelery,Product Management,Tools,,,Books
695,5653115940,F,Engineering,,,,,,
696,4415039723,F,Product Management,Shoes,,Outdoors,Grocery,Engineering,
697,5755126542,F,Legal,Electronics,Accounting,Kids,Movies,Training,
698,9247100917,F,Training,Garden,Training,,,,Grocery
699,5764268400,M,Services,Tools,Legal,Baby,Grocery,Accounting,Industrial
700,1056071931,F,Support,Beauty,,,Grocery,Training,
701,8304974983,F,Accounting,Shoes,Marketing,Shoes,Garden,Research and Development,Music
702,4192968843,M,Sales,Baby,Human Resources,Outdoors,Movies,Services,
703,5071869047,F,Business Development,Toys,Services,,,,Garden
704,6327042554,M,Support,Health,Accounting,Games,Games,Support,
705,1075647053,F,Business Development,Baby,Legal,Shoes,,,Grocery
706,5486747160,M,Services,Garden,Product Management,Health,,,Sports
707,7018726999,M,Business Development,Electronics,Engineering,Music,Baby,Training,Games
708,0181830787,F,Accounting,Books,,,Sports,Research and Development,
709,5822394310,F,Sales,Kids,Support,,,,
710,8772350601,F,Engineering,Computers,Research and Development,Jewelery,,,
711,3366181451,F,Sales,,Support,Jewelery,Sports,Marketing,
712,0578254751,M,Legal,Automotive,Sales,,,,
713,6956487225,M,Marketing,Games,Business Development,Tools,,,
714,8370994539,M,Support,,Legal,,,,Outdoors
715,7908088872,F,Legal,Toys,Accounting,Industrial,Outdoors,Human Resources,Automotive
716,9633748429,M,Sales,Books,,Beauty,Games,Accounting,Music
717,6565201579,M,Marketing,Industrial,Engineering,,Computers,Sales,Books
718,0530663937,M,Research and Development,Electronics,Services,Health,,,
719,9633431018,M,Accounting,Music,,Health,Sports,Engineering,
720,5320361556,M,Research and Development,Outdoors,,Music,,,Music
721,4136305893,M,Product Management,Automotive,Training,Home,,,
722,3386147739,F,Product Management,Tools,,,,,Clothing
723,6625980544,F,Sales,,Business Development,Garden,Clothing,Training,
724,2581201134,F,Accounting,Books,Services,Games,Games,Business Development,
725,2360722425,M,Sales,Automotive,Human Resources,,Kids,Accounting,
726,8669962772,F,Support,Kids,Engineering,Movies,Beauty,Product Management,
727,6588600887,F,Accounting,Automotive,Services,,Industrial,Product Management,
728,8002811941,M,Services,Garden,Engineering,,Grocery,Business Development,
729,4409515500,F,Marketing,Industrial,Research and Development,Industrial,Home,Accounting,
730,0309945917,M,Services,Industrial,Accounting,Home,Clothing,Engineering,Shoes
731,5826187255,F,Engineering,Clothing,Legal,,Kids,Engineering,
732,1147281181,F,Human Resources,Outdoors,Sales,Outdoors,Tools,Product Management,Shoes
733,3249568791,M,Business Development,Electronics,Support,,Movies,Research and Development,
734,2665328445,F,Legal,Computers,Sales,,Beauty,Training,Baby
735,1660721873,F,Services,Industrial,Research and Development,Tools,Electronics,Product Management,
736,0478927266,M,Legal,Sports,Marketing,Games,,,Electronics
737,1935247565,F,Accounting,,Training,Baby,Shoes,Sales,
738,3865072917,F,Business Development,Tools,Business Development,Home,,,Music
739,4872566122,F,Product Management,Music,Marketing,,Beauty,Research and Development,
740,3560357500,M,Engineering,Movies,Sales,Clothing,,,Kids
741,6222510043,M,Sales,,Engineering,,,,
742,1728796598,M,Business Development,Outdoors,Sales,Games,Baby,Services,Shoes
743,6400761209,F,Training,Industrial,,,Books,Sales,
744,7031551315,F,Support,Jewelery,Training,Sports,,,
745,3472897767,M,Support,Outdoors,Support,Baby,Clothing,Research and Development,Electronics
746,0695532987,M,Business Development,Books,Research and Development,Movies,,,
747,1756669074,F,Services,Books,Sales,Garden,Health,Accounting,
748,0478921705,F,Research and Development,Jewelery,Training,Baby,Movies,Legal,
749,0408057998,M,Accounting,Beauty,,Garden,,,Sports
750,6708797275,F,Training,Clothing,,,Beauty,Legal,Kids
751,1895973074,M,Accounting,Computers,Services,,,,Books
752,2383684775,F,Product Management,Automotive,Engineering,Grocery,Tools,Training,Kids
753,2977702601,F,Business Development,Movies,Product Management,Shoes,Toys,Research and Development,
754,1780831501,F,Product Management,Garden,Sales,Electronics,,,
755,4159315402,M,Support,,Engineering,Movies,,,Kids
756,9924547470,F,Sales,Beauty,Research and Development,Tools,Industrial,Engineering,
757,2753096295,M,Business Development,Computers,Research and Development,,Industrial,Support,Health
758,2329612664,M,Engineering,Garden,Business Development,,Home,Marketing,
759,7035259295,M,Marketing,Tools,Business Development,Movies,Grocery,Training,Kids
760,3036948201,F,Marketing,,Product Management,Health,Music,Sales,
761,7924597964,M,Engineering,Electronics,,Sports,,,
762,1441672109,F,Human Resources,Automotive,Training,Beauty,Beauty,Training,Books
763,2753257566,M,Product Management,,Legal,Clothing,Industrial,Marketing,Automotive
764,5789303587,F,Training,Jewelery,Marketing,Industrial,,,Kids
765,6745440806,F,Engineering,Music,Marketing,Health,Industrial,Business Development,Industrial
766,9883562535,M,Business Development,Home,Marketing,,Garden,Product Management,
767,6149138747,M,Accounting,,Support,,,,Sports
768,2830762851,F,Accounting,Baby,Support,,,,Health
769,9485866097,M,Product Management,Health,,Tools,,,Health
770,1953924727,M,Support,Toys,Human Resources,,Automotive,Product Management,
771,8345058973,M,Human Resources,Computers,Training,,Sports,Business Development,
772,1244564265,F,Engineering,Movies,Accounting,,Grocery,Business Development,Home
773,4714609025,M,Support,Sports,Services,,Beauty,Marketing,
774,4175438963,F,Product Management,Garden,Training,Books,Toys,Services,
775,4704680851,M,Business Development,Computers,,Tools,Jewelery,Services,
776,6308254738,M,Legal,Baby,,Electronics,Movies,Product Management,Garden
777,1289312036,M,Legal,Automotive,Product Management,,,,Tools
778,0858203928,M,Research and Development,,,Grocery,Games,Marketing,Beauty
779,5170451105,M,Research and Development,Baby,Support,Kids,Shoes,Legal,
780,9721075353,F,Legal,Kids,Sales,Computers,Automotive,Sales,Industrial
781,4032558167,M,Support,Automotive,,Music,,,Electronics
782,5086913306,F,Legal,Home,Accounting,,,,Clothing
783,5602559469,F,Marketing,Kids,Accounting,Home,,,Music
784,6926010897,M,Accounting,Books,Accounting,,Baby,Business Development,Clothing
785,9699494603,M,Support,Outdoors,Marketing,,Electronics,Business Development,
786,1927095441,M,Sales,Kids,Human Resources,Movies,Electronics,Legal,
787,5436115853,F,Sales,Grocery,Engineering,Books,Electronics,Research and Development,
788,4246659622,M,Services,Music,Research and Development,Sports,Health,Human Resources,Industrial
789,1200486145,M,Human Resources,Grocery,,Grocery,Baby,Sales,
790,4211743384,M,Human Resources,Sports,,Electronics,,,Tools
791,1872051677,F,Sales,Tools,,,Shoes,Support,Music
792,1075487293,F,Product Management,Home,Human Resources,Beauty,,,
793,3083773935,M,Business Development,Garden,,Outdoors,,,Toys
794,3422515232,F,Research and Development,Books,,Beauty,Automotive,Human Resources,
795,7225970615,M,Services,Sports,,,,,
796,7694183918,F,Marketing,,,,Tools,Accounting,Kids
797,7526880712,F,Business Development,Games,,Sports,Kids,Support,
798,6339122906,M,Services,Books,Business Development,Automotive,Movies,Support,Books
799,0201091542,M,Sales,Computers,Product Management,Jewelery,Music,Support,Computers
800,9476185368,M,Marketing,Electronics,Accounting,,,,
801,5232189891,M,Engineering,Kids,Sales,Movies,,,
802,1504527208,F,Accounting,Computers,Support,,Kids,Human Resources,
803,9415212888,F,Marketing,Books,Sales,Movies,,,Tools
804,4460850214,M,Support,Tools,Human Resources,Garden,Games,Product Management,Books
805,7347137659,M,Training,Movies,Services,,Automotive,Sales,Industrial
806,3287664174,M,Research and Development,Jewelery,Training,Computers,,,
807,5340500993,M,Sales,Toys,Support,,Grocery,Product Management,Toys
808,3612438808,M,Research and Development,Outdoors,Support,Books,Home,Accounting,
809,2844325157,M,Accounting,Automotive,Product Management,Home,,,Outdoors
810,7910284853,F,Business Development,Games,Training,,Jewelery,Human Resources,
811,1154633942,F,Sales,Games,Accounting,Beauty,Jewelery,Business Development,Computers
812,8490762929,F,Training,Computers,,,,,
813,5886574344,M,Sales,Beauty,,Kids,Clothing,Research and Development,Tools
814,8185305072,F,Human Resources,Sports,Business Development,Toys,,,Clothing
815,2283487048,F,Training,Sports,Legal,,Sports,Human Resources,
816,3836024845,F,Training,,Marketing,Shoes,Health,Product Management,Garden
817,3342394196,F,Business Development,Garden,Training,,Sports,Sales,Jewelery
818,2780254149,F,Human Resources,Tools,Research and Development,,,,Games
819,4311448279,F,Sales,Automotive,Services,Tools,Music,Training,Games
820,1655070649,F,Services,Music,Marketing,Kids,Kids,Training,
821,2598215613,M,Accounting,,,,Health,Product Management,
822,3472194014,F,Marketing,Automotive,Legal,Electronics,,,
823,3996090552,M,Human Resources,Music,,Health,Industrial,Human Resources,Outdoors
824,5858154816,F,Human Resources,Beauty,Legal,Home,Movies,Business Development,Automotive
825,9157726647,F,Engineering,Books,Accounting,Electronics,Sports,Accounting,
826,6426095176,M,Sales,Jewelery,,,,,Electronics
827,0348754892,F,Legal,Movies,Services,Baby,Sports,Services,Beauty
828,6702907303,M,Support,Health,Sales,,Computers,Engineering,Automotive
829,2304172423,M,Support,Health,Training,Home,Beauty,Marketing,Books
830,3952714321,F,Business Development,Sports,Legal,Home,,,Industrial
831,4085744054,F,Human Resources,Toys,Legal,Sports,Toys,Human Resources,Electronics
832,3841198678,F,Legal,Beauty,Support,,Beauty,Training,
833,9355550057,F,Services,Outdoors,Services,,Games,Product Management,Computers
834,5714916751,M,Human Resources,Industrial,Engineering,Outdoors,Computers,Engineering,Shoes
835,5606516950,M,Sales,Baby,Marketing,,Automotive,Marketing,
836,6364018319,F,Services,Health,Training,,Outdoors,Business Development,
837,9130767512,F,Human Resources,Automotive,Product Management,,Toys,Training,Toys
838,3859702467,M,Training,Tools,Product Management,Electronics,,,Movies
839,2891753909,M,Business Development,Computers,Human Resources,Shoes,,,
840,4339397318,M,Research and Development,,Business Development,,Industrial,Legal,
841,7032210317,M,Human Resources,Clothing,Sales,Kids,Jewelery,Marketing,
842,2077274700,M,Legal,Sports,Sales,,Toys,Legal,
843,6465594293,F,Research and Development,Electronics,Product Management,Health,Movies,Human Resources,
844,7528951099,M,Marketing,Clothing,,Shoes,,,Clothing
845,3632977275,M,Sales,,Human Resources,,Tools,Sales,Garden
846,2105732569,F,Services,Beauty,,Clothing,,,Tools
847,5419826305,M,Services,Sports,Business Development,Clothing,Games,Marketing,
848,9355809077,F,Accounting,Tools,Sales,,Games,Product Management,Sports
849,4263536762,M,Product Management,Garden,Marketing,,,,Clothing
850,2856417302,M,Training,Baby,Services,Toys,,,
851,7525698694,M,Business Development,Kids,Sales,Computers,,,
852,0676264719,M,Engineering,Automotive,Services,Industrial,,,Games
853,7438828697,F,Human Resources,Garden,Engineering,Shoes,,,
854,8734277560,F,Support,Tools,Legal,Sports,,,Health
855,4048164236,F,Human Resources,Jewelery,Engineering,Toys,Jewelery,Human Resources,
856,2817217128,F,Accounting,Toys,Sales,Industrial,Tools,Human Resources,Beauty
857,1743002777,F,Business Development,Electronics,Accounting,Health,,,Toys
858,3545972712,M,Marketing,Toys,Sales,Automotive,Games,Accounting,
859,8887297169,F,Human Resources,Shoes,,,Electronics,Business Development,
860,5474725876,F,Engineering,Home,Marketing,Industrial,Grocery,Accounting,
861,1067158979,M,Marketing,Automotive,Sales,,Automotive,Human Resources,
862,8765511085,F,Legal,Home,Services,Electronics,Garden,Human Resources,Games
863,3985928975,M,Accounting,Toys,,Games,Movies,Accounting,Movies
864,1689967935,F,Business Development,Grocery,Accounting,Movies,,,
865,1706514867,F,Legal,Industrial,,,Music,Human Resources,
866,6714260806,F,Human Resources,Health,Services,,,,Books
867,9674318135,F,Services,,Legal,Games,Clothing,Business Development,Outdoors
868,5992249516,M,Services,Jewelery,,,,,
869,6723238486,M,Research and Development,Outdoors,,,,,
870,3205382331,M,Business Development,,Accounting,,,,
871,6992445200,M,Business Development,Tools,Business Development,Home,Baby,Marketing,Computers
872,6180050619,M,Engineering,Outdoors,Human Resources,,,,
873,4922833056,M,Product Management,Sports,Product Management,Beauty,Tools,Research and Development,Baby
874,2928618309,M,Engineering,Garden,Business Development,Shoes,Music,Business Development,Tools
875,1928962203,F,Services,Industrial,Services,,Beauty,Training,Health
876,0761147454,F,Product Management,Industrial,Support,Books,,,
877,5796328123,M,Training,Beauty,Services,Jewelery,Games,Services,
878,6393934336,F,Support,Baby,Training,,Tools,Sales,Books
879,2188447727,M,Human Resources,Books,Legal,,,,
880,2018951815,F,Support,Movies,Product Management,Toys,Jewelery,Accounting,Computers
881,4112724055,F,Sales,Home,,Outdoors,Home,Sales,Toys
882,3749687021,M,Engineering,Garden,Human Resources,Games,Tools,Product Management,Sports
883,1776795075,F,Training,Grocery,Marketing,,Sports,Legal,Electronics
884,9348176218,F,Product Management,Sports,Legal,Kids,Home,Support,
885,6325196864,M,Engineering,Computers,Sales,Music,Shoes,Product Management,
886,1354672011,M,Marketing,Clothing,Marketing,Electronics,Clothing,Human Resources,
887,3593504316,M,Accounting,,Training,Home,,,Jewelery
888,0653951132,M,Support,Clothing,Services,Grocery,Garden,Services,
889,4957755167,F,Accounting,Computers,Research and Development,Electronics,,,
890,1756848998,F,Product Management,,,Jewelery,,,
891,6213725520,M,Training,Books,Business Development,Home,,,
892,7037594644,M,Marketing,Movies,Training,,Garden,Services,Computers
893,1670614174,F,Research and Development,Electronics,Training,Sports,Health,Support,
894,6781093215,F,Marketing,Clothing,Human Resources,Automotive,Outdoors,Marketing,Tools
895,4147089437,M,Support,Music,Training,Clothing,Grocery,Legal,
896,9494487842,M,Business Development,Computers,Human Resources,,Books,Marketing,
897,5836202648,F,Research and Development,Games,,Shoes,Kids,Support,
898,2368787771,M,Legal,,Sales,,Toys,Marketing,Outdoors
899,5861697671,M,Human Resources,Beauty,Training,,,,Beauty
900,1100105093,M,Accounting,Music,Sales,Computers,Baby,Marketing,Health
901,3345465221,M,Marketing,Sports,,,Electronics,Support,Baby
902,7431548400,M,Services,Grocery,Services,Toys,Sports,Services,
903,6788913943,M,Human Resources,Garden,Legal,,Grocery,Marketing,
904,9136310859,M,Research and Development,Clothing,Product Management,Sports,,,Beauty
905,7279287239,F,Services,Kids,,Automotive,Health,Product Management,Grocery
906,3780183595,M,Business Development,Tools,Training,Toys,Automotive,Sales,Beauty
907,2656255376,M,Training,Tools,Sales,Music,,,Beauty
908,8705960118,M,Accounting,Books,Engineering,Books,Beauty,Business Development,
909,0973635045,F,Research and Development,Industrial,Product Management,Toys,Jewelery,Services,
910,7522243319,M,Business Development,Health,Research and Development,Movies,Grocery,Legal,
911,8524348127,M,Support,Garden,Accounting,Beauty,Kids,Product Management,
912,1336017961,F,Legal,Grocery,,,,,
913,2185432214,F,Engineering,Beauty,Marketing,Grocery,Games,Support,
914,8294126446,M,Sales,Grocery,Product Management,Kids,,,
915,1209358336,M,Engineering,,Human Resources,,,,
916,4506323343,M,Services,Beauty,Business Development,Books,Tools,Marketing,
917,2673761292,F,Accounting,Garden,,Beauty,Movies,Human Resources,
918,1764210689,M,Training,Music,Legal,,,,Toys
919,4525414219,F,Legal,Industrial,Human Resources,Health,Baby,Human Resources,Automotive
920,7026767143,F,Engineering,Automotive,Sales,,Home,Marketing,Outdoors
921,8044295666,M,Support,Jewelery,Sales,Clothing,,,Games
922,9939341474,M,Support,Baby,Business Development,,Industrial,Services,Sports
923,2845901313,M,Business Development,Garden,,Outdoors,Baby,Training,Music
924,9945834932,F,Sales,Books,,,Computers,Sales,Automotive
925,4778971736,M,Marketing,,Human Resources,Movies,,,Computers
926,8558914877,M,Marketing,Kids,Research and Development,,Computers,Engineering,Shoes
927,8165169947,F,Marketing,Music,Human Resources,Music,Books,Accounting,Health
928,2950488978,F,Legal,Jewelery,Services,Home,,,Music
929,7511208525,M,Sales,Shoes,Support,Shoes,Grocery,Support,
930,2840516802,M,Business Development,Music,Research and Development,,,,Shoes
931,7762511695,M,Legal,Automotive,Product Management,Games,Garden,Training,
932,5680012731,F,Business Development,Books,Support,Baby,Movies,Business Development,Automotive
933,9936043774,F,Engineering,Industrial,,Beauty,Grocery,Training,
934,8144421302,F,Training,Music,Human Resources,Shoes,Industrial,Legal,Computers
935,4217521383,F,Services,Books,Accounting,Electronics,,,
936,4701280755,M,Product Management,Garden,Research and Development,,Industrial,Training,Books
937,3491521297,F,Support,Outdoors,Business Development,Garden,,,
938,7645294833,M,Engineering,Shoes,Human Resources,Grocery,Home,Engineering,Industrial
939,9175205823,F,Legal,Sports,Marketing,,,,Clothing
940,2013634943,F,Marketing,Sports,Legal,Computers,Beauty,Training,
941,1127988549,M,Human Resources,,Services,Tools,Home,Accounting,Books
942,5529348831,F,Legal,Books,Training,,Industrial,Human Resources,Industrial
943,8698300790,M,Services,Health,Research and Development,Outdoors,Music,Human Resources,Books
944,7957385974,F,Business Development,Clothing,Business Development,Tools,Outdoors,Marketing,Electronics
945,5384532122,F,Support,Toys,,Books,,,Automotive
946,3169907662,F,Engineering,Health,Research and Development,Health,Grocery,Engineering,Outdoors
947,5910847236,F,Sales,Automotive,Accounting,,Games,Product Management,Games
948,0995805059,M,Training,Games,Services,Outdoors,,,
949,3954862808,F,Services,,Services,Kids,Computers,Product Management,
950,3186693780,F,Legal,Grocery,Business Development,Electronics,,,Outdoors
951,6212182833,F,Product Management,Movies,Training,,,,
952,9044108662,M,Human Resources,Baby,,Home,Books,Accounting,
953,9141869389,F,Support,Garden,Services,Jewelery,Outdoors,Accounting,
954,6079140985,M,Product Management,Movies,,,Movies,Business Development,Movies
955,5664123842,F,Services,Computers,,,,,Electronics
956,5130577736,M,Services,Automotive,Human Resources,Clothing,Outdoors,Support,
957,0449171302,F,Research and Development,Industrial,,Garden,,,Music
958,2685894152,F,Legal,Clothing,,Movies,Tools,Support,
959,2358312517,M,Legal,Outdoors,Business Development,Toys,,,Sports
960,3378290331,M,Human Resources,Books,Training,Sports,Music,Marketing,
961,3982389283,F,Product Management,Home,Accounting,Shoes,,,
962,8775826232,M,Research and Development,Toys,,Jewelery,Kids,Legal,
963,3988816043,F,Sales,Computers,Sales,,Games,Sales,Outdoors
964,8228818564,F,Accounting,Books,Human Resources,,,,Baby
965,1366694376,M,Engineering,Jewelery,Legal,Music,Grocery,Marketing,Electronics
966,3909923976,M,Product Management,Electronics,Research and Development,Shoes,,,
967,2759036170,F,Accounting,,,Computers,Music,Accounting,Clothing
968,8660104420,M,Human Resources,Electronics,Sales,Games,,,Garden
969,6814947587,F,Training,Automotive,,Home,,,Computers
970,5642480553,M,Engineering,Home,Engineering,,Shoes,Human Resources,Home
971,4526096725,F,Training,Automotive,Legal,Outdoors,,,Home
972,9474809666,F,Sales,Kids,Product Management,Toys,Garden,Support,
973,5372100303,M,Business Development,Sports,Legal,Baby,Electronics,Accounting,Beauty
974,5868857798,F,Business Development,,Support,Industrial,,,Sports
975,4134247071,M,Accounting,Games,Engineering,,Grocery,Services,Health
976,1170463932,F,Business Development,Automotive,,,Games,Training,Jewelery
977,4307561716,M,Human Resources,Grocery,Services,Toys,,,Automotive
978,4400504662,M,Services,Sports,,Movies,,,
979,9782945668,F,Support,Jewelery,Training,Movies,,,
980,0663778980,F,Engineering,Tools,Training,Music,Automotive,Legal,
981,8704252462,M,Accounting,,Engineering,Industrial,,,Grocery
982,6491915050,M,Engineering,Garden,Marketing,,Tools,Research and Development,
983,4102989773,M,Marketing,Baby,Business Development,Industrial,Health,Human Resources,Beauty
984,8453796319,F,Accounting,Automotive,Support,Shoes,Grocery,Accounting,
985,7411519235,F,Research and Development,Computers,Research and Development,,Shoes,Services,Clothing
986,5808596637,M,Legal,Tools,Support,Home,,,Home
987,4555380088,M,Legal,Garden,Engineering,Baby,,,
988,1725333074,M,Human Resources,Electronics,Services,,Garden,Research and Development,
989,4099101630,F,Marketing,Movies,Support,Toys,Movies,Services,Home
990,6656694500,F,Business Development,Garden,Business Development,Clothing,,,
991,6090432067,M,Research and Development,Home,Sales,Kids,Home,Support,Jewelery
992,8028929303,F,Business Development,Automotive,Support,Baby,Beauty,Engineering,
993,0655103139,F,Marketing,Electronics,Support,,,,
994,1361088982,M,Research and Development,Beauty,Business Development,Shoes,,,
995,6718136883,M,Marketing,Beauty,Training,Computers,,,
996,9049780075,M,Business Development,Movies,,Movies,Beauty,Accounting,Home
997,9461002904,F,Marketing,Books,Product Management,Shoes,Music,Sales,Jewelery
998,8654859946,F,Engineering,Computers,Sales,,,,
999,2251776117,M,Human Resources,Baby,,,,,Computers
1000,8702816946,M,Engineering,Kids,Services,Books,Jewelery,Sales,Clothing
